{
    "loss": 0.45656126737594604,
    "accuracy": 0.8534482717514038
}