{
    "loss": 0.6957247257232666,
    "accuracy": 0.5344827771186829
}