{
    "loss": 0.606208860874176,
    "accuracy": 0.568965494632721
}