{
    "loss": 0.37917670607566833,
    "accuracy": 0.9224137663841248
}